Region1,Region2,t_statistic,p_value,cohens_d
0,12,4.668189603820879,0.009782124917920998,1.044333577156067
4,27,4.060445433144981,0.04383499476648015,0.9001269340515137
4,57,5.325608342578503,0.0021005673251535077,1.1714692115783691
36,56,4.232465656706686,0.03263265179654523,0.9444683194160461
55,60,-4.203290603323566,0.03263265179654523,-0.9414380192756653
56,57,4.8986104795236285,0.006092775849709903,1.0960348844528198
