Region1,Region2,t_statistic,p_value,cohens_d,abs_cohens_d
4,65,3.9247400093330067,0.4228248557784871,0.8699420094490051,0.8699420094490051
