Region1,Region2,t_statistic,p_value,cohens_d,abs_cohens_d
40,54,-5.0457515155718795,0.003838524861167507,-1.112228512763977,1.112228512763977
39,55,-4.998740175699031,0.003838524861167507,-1.101633071899414,1.101633071899414
22,42,-4.856572061265122,0.00425153911744241,-1.0913541316986084,1.0913541316986084
28,36,-4.753063627677485,0.00425153911744241,-1.057235598564148,1.057235598564148
36,56,4.738723342130269,0.00425153911744241,1.0463210344314575,1.0463210344314575
4,57,4.494932414338966,0.008731446332323405,1.027593970298767,1.027593970298767
4,34,-4.5769963289646025,0.006681278296391321,-1.0151904821395874,1.0151904821395874
3,41,-4.47879958773409,0.00808059590007823,-0.9754888415336609,0.9754888415336609
8,18,-4.389136507373156,0.008731446332323405,-0.9586907625198364,0.9586907625198364
