Region1,Region2,t_statistic,p_value,cohens_d
0,12,4.714426750848466,0.008283343750240594,1.0562129020690918
4,27,4.065087788857119,0.04312065594793617,0.9011449813842773
4,57,5.252153902182864,0.002824375619164234,1.1529393196105957
36,56,4.268023726021185,0.02552152398779043,0.952782928943634
55,60,-4.297993515538523,0.02552152398779043,-0.96241295337677
56,57,4.956233349009548,0.004942426134357916,1.1110762357711792
