Region1,Region2,t_statistic,p_value,cohens_d,abs_cohens_d
4,57,5.252153902182864,0.002824375619164234,1.1529393196105957,1.1529393196105957
56,57,4.956233349009548,0.004942426134357916,1.1110762357711792,1.1110762357711792
0,12,4.714426750848466,0.008283343750240594,1.0562129020690918,1.0562129020690918
